"Keyword","Impressions","Clicks","CTR","Avg. Position"
"aesthetic font generator keyboard","695","0","0%","9.489205179856116"
"cool aesthetic fonts","79","0","0%","9.240501265822784"
"aesthetic text layout","74","0","0%","8.743245945945946"
"aesthetic text styles","11","0","0%","6.909090909090909"
"aesthetic fonts for keyboard","5","0","0%","9"
"aesthetic text templates","2","0","0%","8.5"
"i letters aesthetic","2","0","0%","10"
"aesthetic text gene","2","0","0%","10"
"figuras collage aesthetic text","1","0","0%","8"
"aesthetic text copy past","1","0","0%","8"
"cool copy paste aestgetic","1","0","0%","8"
"l0ggs h u ggttie textbath","1","0","0%","8"
"aesthetic input please","1","0","0%","6"
"uaakthsaestexkrdsj good","1","0","0%","2"
"aesthetic alphabet fonts","1","0","0%","10"
"unicode aesthetic fonts","1","0","0%","9"
"aesthetic disburse","1","0","0%","7"
"ghhhhhggb aesthetichjfjf","1","0","0%","8"
"aesthetic text copy","1","0","0%","8"
"cool asthetic designs opy paste","1","0","0%","7"
"unicode letters aesthetic","1","0","0%","7"
"aesthetic letters a to z","1","0","0%","10"
"cool artistic asthetic text ideas","1","0","0%","7"
"astethic texst maker copy paste","1","0","0%","10"
"aesthetic cym","1","0","0%","10"
"aesthetic text formatter","1","0","0%","9"
"aesthitc text copy paste","1","0","0%","9"
"cool popppy amazing cool aesthtic mainly cool thoughw riting","1","0","0%","6"
"aesthertic unicodes","1","0","0%","9"
"aesthetic texts for highlights","1","1","100%","10"
"aesthetic unicode","1","0","0%","7"
"eathetic coloufull text generator","1","0","0%","7"
"stats aesthetic fonts","1","0","0%","10"
"aestheti text copy paste","1","0","0%","7"
"aesthatic texts","1","0","0%","7"
"aesthetic text","1","0","0%","76"
"how to have aesthetic messages","1","0","0%","10"
"5. aesthetic text formatter","1","0","0%","10"
